year,region,region2016,cdaystmin,hdaystmax,maxt,meant,mint,rainsum
"2003",Bretagne,Bretagne,"24.7429906542056","20.9357476635514","15.8001069005249","11.8422397900397","8.52376968377929","790.665420560748"
"1988",Bretagne,Bretagne,"9.95327102803738","3.62032710280374","14.4225752144412","11.2139598002817","8.54539943669185","934.334813084112"
