year,region,region2016,cdaystmin,hdaystmax,maxt,meant,mint,rainsum
"2003",Languedoc-Roussillon,Occitanie,"44.3972911963883","47.7505643340858","17.1262147870992","12.560082872074","8.9899693868085","980.265914221219"
"2003",Midi-Pyrénées,Occitanie,"47.336578581363","45.240611961057","16.9344744412902","12.3016903233182","8.43338502867377","801.76662030598"
"1988",Languedoc-Roussillon,Occitanie,"31.1106094808126","23.7189616252822","15.4341296886113","11.8085655091376","8.8469198181762","863.299548532731"
"1988",Midi-Pyrénées,Occitanie,"39.6509040333797","20.9937413073713","15.3297189780327","11.2174077390592","7.81386286127994","942.715994436718"
